{
  "project_info": {
    "project_number": "169596719913",
    "project_id": "cpims-log",
    "storage_bucket": "cpims-log.appspot.com"
  },
  "client": [
    {
      "client_info": {
        "mobilesdk_app_id": "1:169596719913:android:dbff16df4b8023212e9d38",
        "android_client_info": {
          "package_name": "com.jadecharlesabella.cpims1"
        }
      },
      "oauth_client": [],
      "api_key": [
        {
          "current_key": "AIzaSyBf9Lrlpka6lLsEie7yHSlRvQgvja8IYwg"
        }
      ],
      "services": {
        "appinvite_service": {
          "other_platform_oauth_client": []
        }
      }
    },
    {
      "client_info": {
        "mobilesdk_app_id": "1:169596719913:android:3241493444a39ed82e9d38",
        "android_client_info": {
          "package_name": "com.jadecharlesabella.cpimsofficial"
        }
      },
      "oauth_client": [],
      "api_key": [
        {
          "current_key": "AIzaSyBf9Lrlpka6lLsEie7yHSlRvQgvja8IYwg"
        }
      ],
      "services": {
        "appinvite_service": {
          "other_platform_oauth_client": []
        }
      }
    },
    {
      "client_info": {
        "mobilesdk_app_id": "1:169596719913:android:41e806fdb46a96662e9d38",
        "android_client_info": {
          "package_name": "com.jadecharlesabella.cpimsystem"
        }
      },
      "oauth_client": [],
      "api_key": [
        {
          "current_key": "AIzaSyBf9Lrlpka6lLsEie7yHSlRvQgvja8IYwg"
        }
      ],
      "services": {
        "appinvite_service": {
          "other_platform_oauth_client": []
        }
      }
    },
    {
      "client_info": {
        "mobilesdk_app_id": "1:169596719913:android:19a2cd759e39e7892e9d38",
        "android_client_info": {
          "package_name": "com.jadecharlesabella.cpmisapp"
        }
      },
      "oauth_client": [],
      "api_key": [
        {
          "current_key": "AIzaSyBf9Lrlpka6lLsEie7yHSlRvQgvja8IYwg"
        }
      ],
      "services": {
        "appinvite_service": {
          "other_platform_oauth_client": []
        }
      }
    }
  ],
  "configuration_version": "1"
}